Storage Modulus (MPa),,,,,,,Loss Modulus (MPa),,,,,,,Tan Delta,,,,,
PC/ABS 0.1Hz,,PC/ABS 1Hz,,PC/ABS 10Hz,,,PC/ABS 0.1Hz,,PC/ABS 1Hz,,PC/ABS 10Hz,,,PC/ABS 0.1Hz,,PC/ABS 1Hz,,PC/ABS 10Hz,
Temperature (℃),Storage Modulus (MPa),Temperature (℃),Storage Modulus (MPa),Temperature (℃),Storage Modulus (MPa),,Temperature (℃),Loss Modulus (MPa),Temperature (℃),Loss Modulus (MPa),Temperature (℃),Loss Modulus (MPa),,Temperature (℃),Tan Delta,Temperature (℃),Tan Delta,Temperature (℃),Tan Delta
35.8862,3127.51,31.9184,3074.22,32.8162,2944.03,,35.8862,35.1858,31.9184,27.2009,32.8162,35.1401,,35.8862,0.01125,31.9184,0.00885,32.8162,0.01194
36.7181,3133.76,32.2353,3073.9,32.8846,2949.85,,36.7181,37.0024,32.2353,27.1015,32.8846,34.9213,,36.7181,0.01181,32.2353,0.00882,32.8846,0.01184
36.7156,3131.4,32.7353,3054.05,33.0708,2944.36,,36.7156,38.675,32.7353,26.8107,33.0708,34.61,,36.7156,0.01235,32.7353,0.00878,33.0708,0.01175
36.5336,3130.2,33.2332,3051.61,33.3186,2938.77,,36.5336,38.9597,33.2332,26.8555,33.3186,34.2833,,36.5336,0.01245,33.2332,0.0088,33.3186,0.01167
36.4494,3129.06,33.6435,3049.88,33.583,2935.34,,36.4494,38.1626,33.6435,26.6734,33.583,33.9975,,36.4494,0.0122,33.6435,0.00875,33.583,0.01158
36.5459,3124.7,33.945,3042.58,33.7549,2930.96,,36.5459,38.3498,33.945,26.5817,33.7549,33.7185,,36.5459,0.01227,33.945,0.00874,33.7549,0.0115
36.8441,3124.07,34.1496,3040.27,33.8984,2927.94,,36.8441,38.4998,34.1496,26.6365,33.8984,33.4749,,36.8441,0.01232,34.1496,0.00876,33.8984,0.01143
37.3184,3119.99,34.2772,3039.67,33.984,2926.13,,37.3184,38.833,34.2772,26.6568,33.984,33.2884,,37.3184,0.01245,34.2772,0.00877,33.984,0.01138
37.9492,3113.63,34.3586,3040.73,34.0347,2925.03,,37.9492,39.0715,34.3586,26.6405,34.0347,33.1461,,37.9492,0.01255,34.3586,0.00876,34.0347,0.01133
38.738,3106.32,34.4071,3042.41,34.0566,2924.48,,38.738,39.4015,34.4071,26.6625,34.0566,33.0512,,38.738,0.01268,34.4071,0.00876,34.0566,0.0113
39.6538,3097.98,34.4447,3043.87,34.0382,2924.51,,39.6538,39.8151,34.4447,26.6299,34.0382,32.9789,,39.6538,0.01285,34.4447,0.00875,34.0382,0.01128
40.6789,3089.28,34.4825,3044.79,34.0066,2924.7,,40.6789,40.6472,34.4825,26.6058,34.0066,32.8382,,40.6789,0.01316,34.4825,0.00874,34.0066,0.01123
41.762,3080.92,34.5259,3045.11,33.9699,2924.84,,41.762,41.5786,34.5259,26.5434,33.9699,32.6725,,41.762,0.0135,34.5259,0.00872,33.9699,0.01117
42.868,3071.85,34.5721,3045.04,33.9146,2924.92,,42.868,42.6418,34.5721,26.5031,33.9146,32.492,,42.868,0.01388,34.5721,0.0087,33.9146,0.01111
43.9814,3062.06,34.6453,3044.88,33.8775,2924.97,,43.9814,43.5664,34.6453,26.4555,33.8775,32.2439,,43.9814,0.01423,34.6453,0.00869,33.8775,0.01102
45.1135,3052.41,34.7315,3044.77,33.8441,2924.98,,45.1135,44.3337,34.7315,26.405,33.8441,32.026,,45.1135,0.01452,34.7315,0.00867,33.8441,0.01095
46.2555,3042.65,34.8378,3044.77,32.5822,2924.99,,46.2555,44.8295,34.8378,26.4299,32.5822,31.8118,,46.2555,0.01473,34.8378,0.00868,32.5822,0.01088
47.4078,3032.89,34.9668,3044.77,32.714,2924.99,,47.4078,45.1682,34.9668,26.473,32.714,31.5479,,47.4078,0.01489,34.9668,0.00869,32.714,0.01079
48.547,3023.64,35.1137,3044.77,32.8689,2924.99,,48.547,45.5205,35.1137,26.5129,32.8689,31.1061,,48.547,0.01505,35.1137,0.00871,32.8689,0.01063
49.6467,3014.41,35.2866,3044.77,33.0129,2925,,49.6467,46.1587,35.2866,26.5494,33.0129,30.6429,,49.6467,0.01531,35.2866,0.00872,33.0129,0.01048
50.7336,3004.51,35.4874,3044.77,33.1843,2925,,50.7336,46.7881,35.4874,26.5452,33.1843,30.5627,,50.7336,0.01557,35.4874,0.00872,33.1843,0.01045
51.8021,2994.03,35.6971,3044.77,33.358,2925,,51.8021,47.5374,35.6971,26.5162,33.358,30.8633,,51.8021,0.01588,35.6971,0.00871,33.358,0.01055
52.8516,2984,35.9375,3044.78,33.5472,2924.99,,52.8516,48.1812,35.9375,26.463,33.5472,31.5207,,52.8516,0.01615,35.9375,0.00869,33.5472,0.01078
53.8954,2974.61,36.2029,3044.88,33.7515,2924.98,,53.8954,48.9653,36.2029,26.4947,33.7515,31.9801,,53.8954,0.01646,36.2029,0.0087,33.7515,0.01093
54.901,2965.23,36.4812,3045.03,33.946,2924.98,,54.901,49.9084,36.4812,26.591,33.946,32.1816,,54.901,0.01683,36.4812,0.00873,33.946,0.011
55.8684,2956.16,36.7908,3045.22,34.1715,2924.98,,55.8684,50.8129,36.7908,26.655,34.1715,32.0891,,55.8684,0.01719,36.7908,0.00875,34.1715,0.01097
56.8167,2946.91,37.1152,3045.25,34.3881,2924.98,,56.8167,51.5513,37.1152,26.677,34.3881,31.9294,,56.8167,0.01749,37.1152,0.00876,34.3881,0.01092
57.7658,2937.16,37.4638,3044.91,34.6363,2924.99,,57.7658,51.9172,37.4638,26.652,34.6363,31.8049,,57.7658,0.01768,37.4638,0.00875,34.6363,0.01087
58.7155,2927.22,37.8203,3043.77,34.9422,2924.98,,58.7155,52.0255,37.8203,26.6111,34.9422,31.8509,,58.7155,0.01777,37.8203,0.00874,34.9422,0.01089
59.6573,2917.15,38.1933,3041.69,35.1861,2924.98,,59.6573,51.9977,38.1933,26.5493,35.1861,32.0695,,59.6573,0.01782,38.1933,0.00873,35.1861,0.01096
60.5667,2906.89,38.6544,3038.77,35.4808,2924.98,,60.5667,52.3529,38.6544,26.4911,35.4808,32.4241,,60.5667,0.01801,38.6544,0.00872,35.4808,0.01109
61.4706,2896.52,39.1109,3035.41,35.7503,2924.97,,61.4706,52.864,39.1109,26.4086,35.7503,32.6825,,61.4706,0.01825,39.1109,0.0087,35.7503,0.01117
62.3773,2886.29,39.582,3031.87,36.1146,2924.97,,62.3773,53.8385,39.582,26.297,36.1146,32.8127,,62.3773,0.01865,39.582,0.00867,36.1146,0.01122
63.2969,2876.33,40.0417,3028.28,36.4592,2924.97,,63.2969,54.6562,40.0417,26.2527,36.4592,32.7813,,63.2969,0.019,40.0417,0.00867,36.4592,0.01121
64.2451,2866.56,40.493,3024.75,36.8685,2924.98,,64.2451,55.6374,40.493,26.3339,36.8685,32.6811,,64.2451,0.01941,40.493,0.00871,36.8685,0.01117
65.1862,2856.58,40.9632,3021.54,37.338,2924.98,,65.1862,55.9359,40.9632,26.5041,37.338,32.5327,,65.1862,0.01958,40.9632,0.00877,37.338,0.01112
66.0896,2846.67,41.4422,3018.79,37.7103,2924.99,,66.0896,56.2469,41.4422,26.653,37.7103,32.4114,,66.0896,0.01976,41.4422,0.00883,37.7103,0.01108
66.9968,2836.16,41.9153,3016.85,38.1379,2925.09,,66.9968,55.3895,41.9153,26.76,38.1379,32.3039,,66.9968,0.01953,41.9153,0.00887,38.1379,0.01104
67.9322,2825.56,42.4003,3015.71,38.519,2925.25,,67.9322,55.2921,42.4003,26.8555,38.519,32.2473,,67.9322,0.01957,42.4003,0.00891,38.519,0.01102
68.8698,2813.7,42.8666,3015,38.9577,2925.41,,68.8698,55.3159,42.8666,26.9249,38.9577,32.2159,,68.8698,0.01966,42.8666,0.00893,38.9577,0.01101
69.7926,2801.05,43.3385,3013.94,39.3475,2925.49,,69.7926,56.7467,43.3385,26.9545,39.3475,32.2268,,69.7926,0.02026,43.3385,0.00894,39.3475,0.01102
70.6996,2787.39,43.8151,3012.06,39.8553,2925.07,,70.6996,58.2366,43.8151,27.0014,39.8553,32.2712,,70.6996,0.02089,43.8151,0.00896,39.8553,0.01103
71.6248,2772.46,44.2956,3009.33,40.3144,2923.81,,71.6248,59.8683,44.2956,27.0622,40.3144,32.3225,,71.6248,0.02159,44.2956,0.00899,40.3144,0.01105
72.5607,2756.73,44.7866,3006.11,40.7081,2921.82,,72.5607,61.2768,44.7866,27.1372,40.7081,32.3468,,72.5607,0.02223,44.7866,0.00903,40.7081,0.01107
73.5137,2740.63,45.253,3002.67,41.1467,2918.91,,73.5137,62.6342,45.253,27.1959,41.1467,32.3367,,73.5137,0.02285,45.253,0.00906,41.1467,0.01108
74.4528,2723.71,45.7295,2999.25,41.5353,2915.85,,74.4528,63.9022,45.7295,27.2759,41.5353,32.2996,,74.4528,0.02346,45.7295,0.00909,41.5353,0.01108
75.3701,2706.82,46.1957,2995.91,42.0508,2911.92,,75.3701,65.4246,46.1957,27.3465,42.0508,32.2346,,75.3701,0.02417,46.1957,0.00913,42.0508,0.01107
76.3032,2689.79,46.645,2992.65,42.504,2908.24,,76.3032,67.0471,46.645,27.4035,42.504,32.1725,,76.3032,0.02493,46.645,0.00916,42.504,0.01106
77.2586,2672.8,47.0911,2989.41,42.8979,2905,,77.2586,68.8753,47.0911,27.4391,42.8979,32.1267,,77.2586,0.02577,47.0911,0.00918,42.8979,0.01106
78.1865,2655.39,47.535,2986.17,43.346,2901.77,,78.1865,70.8273,47.535,27.501,43.346,32.0897,,78.1865,0.02667,47.535,0.00921,43.346,0.01106
79.112,2637.44,47.9656,2982.93,43.736,2899.17,,79.112,73.1269,47.9656,27.5962,43.736,32.0468,,79.112,0.02773,47.9656,0.00925,43.736,0.01105
80.0666,2618.63,48.3932,2979.68,44.1792,2897.14,,80.0666,75.648,48.3932,27.7184,44.1792,31.9906,,80.0666,0.02889,48.3932,0.0093,44.1792,0.01104
81.061,2598.42,48.8248,2976.41,44.5653,2896.22,,81.061,78.6289,48.8248,27.8166,44.5653,31.9347,,81.061,0.03026,48.8248,0.00935,44.5653,0.01103
82.0311,2577.84,49.2443,2973.1,45.0521,2895.99,,82.0311,81.1771,49.2443,27.8502,45.0521,31.8608,,82.0311,0.03149,49.2443,0.00937,45.0521,0.011
82.9442,2556.68,49.649,2969.8,45.477,2896.25,,82.9442,83.8737,49.649,27.8006,45.477,31.7849,,82.9442,0.03281,49.649,0.00936,45.477,0.01097
83.8865,2534.26,50.0423,2966.57,45.8472,2896.42,,83.8865,86.6102,50.0423,27.6759,45.8472,31.7191,,83.8865,0.03418,50.0423,0.00933,45.8472,0.01095
84.8497,2510.74,50.4265,2963.47,46.2606,2896.36,,84.8497,90.1367,50.4265,27.5367,46.2606,31.6551,,84.8497,0.0359,50.4265,0.00929,46.2606,0.01093
85.7958,2485.82,50.7995,2960.63,46.6172,2895.38,,85.7958,94.0672,50.7995,27.5161,46.6172,31.6053,,85.7958,0.03784,50.7995,0.00929,46.6172,0.01092
86.7296,2459.66,51.1671,2958.18,47.0154,2893.32,,86.7296,98.4639,51.1671,27.6756,47.0154,31.5477,,86.7296,0.04003,51.1671,0.00936,47.0154,0.0109
87.6907,2432.94,51.523,2955.88,47.3601,2890.66,,87.6907,102.996,51.523,28.0087,47.3601,31.4798,,87.6907,0.04233,51.523,0.00948,47.3601,0.01089
88.6749,2406.17,51.877,2953.47,47.8414,2887.05,,88.6749,107.568,51.877,28.3491,47.8414,31.375,,88.6749,0.04471,51.877,0.0096,47.8414,0.01087
89.6172,2379.65,52.2273,2950.65,48.274,2883.4,,89.6172,111.571,52.2273,28.6348,48.274,31.2679,,89.6172,0.04689,52.2273,0.0097,48.274,0.01084
90.5558,2353.73,52.5699,2947.54,48.6367,2880.21,,90.5558,115.549,52.5699,28.7781,48.6367,31.1797,,90.5558,0.04909,52.5699,0.00976,48.6367,0.01083
91.5075,2328.58,52.906,2944.25,49.0468,2876.8,,91.5075,120.293,52.906,28.8685,49.0468,31.088,,91.5075,0.05166,52.906,0.00981,49.0468,0.01081
92.441,2304.14,53.2404,2941.12,49.3893,2873.82,,92.441,126.219,53.2404,28.9206,49.3893,31.0191,,92.441,0.05478,53.2404,0.00983,49.3893,0.01079
93.3695,2280.02,53.5627,2937.7,49.7784,2870.89,,93.3695,133.046,53.5627,28.9795,49.7784,30.9481,,93.3695,0.05835,53.5627,0.00986,49.7784,0.01078
94.3222,2256.03,53.8804,2934.47,50.1993,2868.64,,94.3222,140.881,53.8804,29.0206,50.1993,30.8793,,94.3222,0.06245,53.8804,0.00989,50.1993,0.01076
95.306,2231.93,54.1969,2931.26,50.5123,2867.59,,95.306,147.659,54.1969,29.0593,50.5123,30.8348,,95.306,0.06616,54.1969,0.00991,50.5123,0.01075
96.26,2207.22,54.5047,2928.04,50.861,2867.21,,96.26,153.066,54.5047,29.132,50.861,30.8079,,96.26,0.06935,54.5047,0.00995,50.861,0.01074
97.2296,2181.9,54.811,2924.82,51.1623,2867.38,,97.2296,156.507,54.811,29.2497,51.1623,30.8061,,97.2296,0.07173,54.811,0.01,51.1623,0.01074
98.2208,2155.23,55.116,2921.59,51.5006,2867.72,,98.2208,159.329,55.116,29.4075,51.5006,30.8166,,98.2208,0.07393,55.116,0.01007,51.5006,0.01075
99.1772,2126.99,55.4151,2918.36,51.8671,2868.04,,99.1772,163.429,55.4151,29.5549,51.8671,30.8304,,99.1772,0.07684,55.4151,0.01013,51.8671,0.01075
100.13,2096.77,55.7124,2915.07,52.1555,2868.21,,100.13,169.098,55.7124,29.6828,52.1555,30.838,,100.13,0.08065,55.7124,0.01018,52.1555,0.01075
101.128,2064.39,56.006,2911.8,52.4831,2867.82,,101.128,176.723,56.006,29.7709,52.4831,30.8323,,101.128,0.08561,56.006,0.01022,52.4831,0.01075
102.112,2028.89,56.2953,2908.59,52.7675,2866.75,,102.112,186.407,56.2953,29.8826,52.7675,30.8207,,102.112,0.09188,56.2953,0.01027,52.7675,0.01075
103.091,1989.43,56.581,2905.51,53.0833,2864.67,,103.091,196.653,56.581,30.0046,53.0833,30.7978,,103.091,0.09885,56.581,0.01033,53.0833,0.01075
104.067,1944.84,56.8508,2902.68,53.3566,2861.99,,104.067,207.139,56.8508,30.1793,53.3566,30.7619,,104.067,0.10651,56.8508,0.0104,53.3566,0.01075
105.013,1895.36,57.1329,2900.25,53.6609,2858.66,,105.013,216.296,57.1329,30.319,53.6609,30.7105,,105.013,0.11412,57.1329,0.01045,53.6609,0.01074
105.983,1840.73,57.4052,2897.98,54.0004,2854.77,,105.983,224.706,57.4052,30.4163,54.0004,30.6515,,105.983,0.12207,57.4052,0.0105,54.0004,0.01074
106.982,1780.86,57.6777,2895.59,54.2584,2851.43,,106.982,231.683,57.6777,30.4401,54.2584,30.6084,,106.982,0.1301,57.6777,0.01051,54.2584,0.01073
107.958,1716.43,57.9526,2892.81,54.5418,2848.1,,107.958,237.514,57.9526,30.4823,54.5418,30.5722,,107.958,0.13838,57.9526,0.01054,54.5418,0.01073
108.916,1648.34,58.2309,2889.79,54.7933,2845.32,,108.916,241.699,58.2309,30.5392,54.7933,30.5498,,108.916,0.14663,58.2309,0.01057,54.7933,0.01074
109.9,1577.02,58.5012,2886.64,55.0746,2842.66,,109.9,244.362,58.5012,30.6616,55.0746,30.5335,,109.9,0.15495,58.5012,0.01062,55.0746,0.01074
110.86,1504.69,58.7794,2883.4,55.3142,2840.8,,110.86,243.32,58.7794,30.8067,55.3142,30.524,,110.86,0.16171,58.7794,0.01068,55.3142,0.01074
111.849,1433.59,59.0532,2879.94,55.6093,2839.15,,111.849,236.655,59.0532,30.978,55.6093,30.514,,111.849,0.16508,59.0532,0.01076,55.6093,0.01075
112.842,1365.55,59.3278,2876.39,55.8796,2837.59,,112.842,226.245,59.3278,31.112,55.8796,30.5032,,112.842,0.16568,59.3278,0.01082,55.8796,0.01075
113.823,1301.32,59.6149,2872.53,56.1168,2835.71,,113.823,214.2,59.6149,31.22,56.1168,30.4929,,113.823,0.1646,59.6149,0.01087,56.1168,0.01075
114.822,1240.98,59.8875,2868.58,56.3846,2833,,114.822,203.547,59.8875,31.2892,56.3846,30.4684,,114.822,0.16402,59.8875,0.01091,56.3846,0.01075
115.798,1184.94,60.1666,2864.85,56.6187,2830.15,,115.798,194.093,60.1666,31.361,56.6187,30.4311,,115.798,0.1638,60.1666,0.01095,56.6187,0.01075
116.807,1132.57,60.4487,2861.46,56.9147,2826.39,,116.807,186.787,60.4487,31.4399,56.9147,30.3439,,116.807,0.16492,60.4487,0.01099,56.9147,0.01074
117.805,1083.55,60.7291,2858.27,57.1806,2822.71,,117.805,179.558,60.7291,31.5431,57.1806,30.2531,,117.805,0.16571,60.7291,0.01104,57.1806,0.01072
118.781,1037.72,61.0072,2855.15,57.4102,2819.61,,118.781,172.523,61.0072,31.6493,57.4102,30.183,,118.781,0.16625,61.0072,0.01108,57.4102,0.0107
119.76,995.344,61.2835,2851.89,57.6668,2816.45,,119.76,165.268,61.2835,31.7485,57.6668,30.1305,,119.76,0.16604,61.2835,0.01113,57.6668,0.0107
120.71,955.844,61.5659,2848.45,57.8827,2813.85,,120.71,159.102,61.5659,31.8173,57.8827,30.1007,,120.71,0.16645,61.5659,0.01117,57.8827,0.0107
121.678,918.899,61.837,2844.56,58.1343,2811.81,,121.678,153.132,61.837,31.8634,58.1343,30.0823,,121.678,0.16665,61.837,0.0112,58.1343,0.0107
122.678,883.753,62.1084,2840.53,58.41,2810.67,,122.678,147.569,62.1084,31.8929,58.41,30.0836,,122.678,0.16698,62.1084,0.01123,58.41,0.0107
123.691,848.874,62.3811,2836.66,58.6194,2810.54,,123.691,142.592,62.3811,31.9399,58.6194,30.0901,,123.691,0.16798,62.3811,0.01126,58.6194,0.01071
124.682,815.237,62.6546,2832.97,58.8688,2810.73,,124.682,139.008,62.6546,32.0219,58.8688,30.1061,,124.682,0.17051,62.6546,0.0113,58.8688,0.01071
125.641,782.18,62.9266,2829.61,59.0894,2811.13,,125.641,136.85,62.9266,32.1101,59.0894,30.1329,,125.641,0.17496,62.9266,0.01135,59.0894,0.01072
126.623,749.456,63.2001,2826.49,59.3382,2811.3,,126.623,136.005,63.2001,32.2227,59.3382,30.177,,126.623,0.18147,63.2001,0.0114,59.3382,0.01073
127.63,717.056,63.4732,2823.39,59.5616,2811.11,,127.63,135.97,63.4732,32.3242,59.5616,30.2224,,127.63,0.18962,63.4732,0.01145,59.5616,0.01075
128.631,684.434,63.7523,2820.17,59.8136,2809.99,,128.631,136.119,63.7523,32.4273,59.8136,30.2694,,128.631,0.19888,63.7523,0.0115,59.8136,0.01077
129.646,651.243,64.0303,2816.78,60.0353,2808.11,,129.646,139.501,64.0303,32.5112,60.0353,30.2987,,129.646,0.21421,64.0303,0.01154,60.0353,0.01079
130.636,619.269,64.2994,2813.09,60.319,2805.01,,130.636,142.331,64.2994,32.5879,60.319,30.3116,,130.636,0.22984,64.2994,0.01158,60.319,0.01081
131.642,587.269,64.5658,2809.18,60.5642,2801.63,,131.642,147.211,64.5658,32.6581,60.5642,30.3068,,131.642,0.25067,64.5658,0.01163,60.5642,0.01082
132.63,555.761,64.8357,2805.43,60.7794,2798.42,,132.63,153.908,64.8357,32.7338,60.7794,30.2855,,132.63,0.27693,64.8357,0.01167,60.7794,0.01082
133.698,527.737,65.1062,2801.99,61.0207,2794.94,,133.698,159.521,65.1062,32.8124,61.0207,30.2561,,133.698,0.30227,65.1062,0.01171,61.0207,0.01083
135.671,414.499,65.6472,2795.59,61.4745,2788.82,,135.671,159.6,65.6472,32.9871,61.4745,30.2264,,135.671,0.38504,65.6472,0.0118,61.4745,0.01084
136.67,347.656,65.9171,2792.51,61.6787,2786.33,,136.67,163.412,65.9171,33.0693,61.6787,30.2377,,136.67,0.47004,65.9171,0.01184,61.6787,0.01085
137.637,274.705,66.1953,2789.41,61.937,2784.08,,137.637,155.637,66.1953,33.1644,61.937,30.2646,,137.637,0.56656,66.1953,0.01189,61.937,0.01087
138.609,203.092,66.4661,2786.27,62.1767,2782.6,,138.609,140.338,66.4661,33.2602,62.1767,30.3007,,138.609,0.69101,66.4661,0.01194,62.1767,0.01089
139.577,146.867,66.7386,2783.12,62.3883,2781.34,,139.577,128.386,66.7386,33.36,62.3883,30.3398,,139.577,0.87417,66.7386,0.01199,62.3883,0.01091
140.587,104.56,67.0078,2779.99,62.6311,2779.38,,140.587,108.831,67.0078,33.4756,62.6311,30.3796,,140.587,1.04084,67.0078,0.01204,62.6311,0.01093
141.578,73.7862,67.2811,2776.95,62.8452,2776.99,,141.578,86.4376,67.2811,33.6055,62.8452,30.4,,143.507,1.20622,67.2811,0.0121,62.8452,0.01095
142.547,54.9548,67.5526,2773.96,63.0925,2773.89,,142.547,65.8785,67.5526,33.7313,63.0925,30.4067,,151.51,1.91331,67.5526,0.01216,63.0925,0.01096
143.507,41.1293,67.8253,2770.84,63.3054,2770.79,,143.507,49.611,67.8253,33.8538,63.3054,30.4108,,154.504,2.96538,67.8253,0.01222,63.3054,0.01098
144.516,29.7573,68.0976,2767.43,63.5832,2766.91,,144.516,37.9058,68.0976,33.9704,63.5832,30.4164,,160.692,3.3629,68.0976,0.01227,63.5832,0.01099
145.562,22.5083,68.3711,2763.53,63.826,2763.46,,145.562,29.1181,68.3711,34.0793,63.826,30.4267,,161.753,3.29004,68.3711,0.01233,63.826,0.01101
146.609,18.7406,68.6456,2758.89,64.033,2760.62,,146.609,23.8086,68.6456,34.1753,64.033,30.4437,,162.787,3.3004,68.6456,0.01239,64.033,0.01103
147.618,10.3545,68.9208,2753.88,64.2661,2757.96,,147.618,11.8125,68.9208,34.255,64.2661,30.4792,,163.797,3.12279,68.9208,0.01244,64.2661,0.01105
148.59,15.6108,69.1959,2749.26,64.4665,2756.05,,,,69.1959,34.3491,64.4665,30.5154,,164.806,2.7793,69.1959,0.01249,64.4665,0.01107
151.51,23.2536,69.4727,2745.38,64.7094,2754.48,,,,69.4727,34.453,64.7094,30.5626,,165.768,2.55622,69.4727,0.01255,64.7094,0.0111
154.504,24.3472,69.7445,2741.94,64.9145,2753.19,,,,69.7445,34.5638,64.9145,30.6073,,166.72,2.4785,69.7445,0.01261,64.9145,0.01112
157.527,27.5325,70.0239,2738.97,65.1913,2751,,,,70.0239,34.6799,65.1913,30.6609,,,,70.0239,0.01266,65.1913,0.01115
158.596,38.651,70.301,2735.94,65.44,2748.3,,,,70.301,34.7877,65.44,30.701,,,,70.301,0.01272,65.44,0.01117
160.692,39.4074,70.5823,2733.03,65.6601,2745.45,,,,70.5823,34.9039,65.6601,30.7249,,,,70.5823,0.01277,65.6601,0.01119
161.753,42.308,70.8597,2729.98,65.9094,2742.1,,,,70.8597,35.0557,65.9094,30.755,,,,70.8597,0.01284,65.9094,0.01122
162.787,42.6273,71.1369,2726.9,66.1267,2738.96,,,,71.1369,35.245,66.1267,30.7765,,,,71.1369,0.01292,66.1267,0.01124
163.797,44.3354,71.4104,2723.69,66.3766,2735.54,,,,71.4104,35.459,66.3766,30.8082,,,,71.4104,0.01302,66.3766,0.01126
164.806,48.2955,71.6899,2720.59,66.5942,2732.65,,,,71.6899,35.6593,66.5942,30.8295,,,,71.6899,0.01311,66.5942,0.01128
165.768,50.5722,71.9623,2717.59,66.8436,2729.93,,,,71.9623,35.8464,66.8436,30.8683,,,,71.9623,0.01319,66.8436,0.01131
166.72,49.9951,72.2451,2714.48,67.1207,2727.84,,,,72.2451,36.0207,67.1207,30.93,,,,72.2451,0.01327,67.1207,0.01134
167.694,43.5274,72.5234,2710.98,67.3314,2726.87,,,,72.5234,36.1957,67.3314,30.9843,,,,72.5234,0.01335,67.3314,0.01136
168.772,40.5617,72.7979,2706.62,67.574,2726.13,,,,72.7979,36.3517,67.574,31.0504,,,,72.7979,0.01343,67.574,0.01139
169.827,38.7644,73.0818,2701.45,67.7809,2725.19,,,,73.0818,36.498,67.7809,31.1067,,,,73.0818,0.01351,67.7809,0.01141
170.832,36.4293,73.3598,2695.65,68.0144,2723.36,,,,73.3598,36.6355,68.0144,31.1656,,,,73.3598,0.01359,68.0144,0.01144
171.795,29.783,73.6424,2690.05,68.2213,2720.93,,,,73.6424,36.7785,68.2213,31.209,,,,73.6424,0.01367,68.2213,0.01147
172.766,32.2696,73.9219,2685.14,68.495,2717.49,,,,73.9219,36.9488,68.495,31.2565,,,,73.9219,0.01376,68.495,0.0115
173.763,34.7857,74.2043,2680.86,68.7374,2713.96,,,,74.2043,37.1408,68.7374,31.2813,,,,74.2043,0.01385,68.7374,0.01153
174.751,32.5046,74.49,2676.74,68.9516,2710.75,,,,74.49,37.3509,68.9516,31.2936,,,,74.49,0.01395,68.9516,0.01154
,,74.7753,2672.13,69.1988,2707.46,,,,74.7753,37.5426,69.1988,31.3144,,,,74.7753,0.01405,69.1988,0.01157
,,75.0563,2667.02,69.4216,2704.71,,,,75.0563,37.7258,69.4216,31.3475,,,,75.0563,0.01415,69.4216,0.01159
,,75.3428,2662.22,69.6766,2702.06,,,,75.3428,37.8955,69.6766,31.4007,,,,75.3428,0.01423,69.6766,0.01162
,,75.6281,2658.22,69.8961,2700.21,,,,75.6281,38.0608,69.8961,31.4661,,,,75.6281,0.01432,69.8961,0.01165
,,75.9143,2654.97,70.1814,2698.56,,,,75.9143,38.2225,70.1814,31.5592,,,,75.9143,0.0144,70.1814,0.01169
,,76.1937,2652.21,70.4346,2697.12,,,,76.1937,38.4412,70.4346,31.6364,,,,76.1937,0.01449,70.4346,0.01173
,,76.481,2648.77,70.6629,2695.36,,,,76.481,38.7141,70.6629,31.6982,,,,76.481,0.01462,70.6629,0.01176
,,76.765,2643.95,70.9108,2692.77,,,,76.765,39.0179,70.9108,31.7644,,,,76.765,0.01476,70.9108,0.0118
,,77.0497,2638.24,71.1287,2690.02,,,,77.0497,39.3224,71.1287,31.8247,,,,77.0497,0.0149,71.1287,0.01183
,,77.3386,2632.35,71.3686,2686.71,,,,77.3386,39.6211,71.3686,31.8828,,,,77.3386,0.01505,71.3686,0.01187
,,77.6274,2626.7,71.5772,2683.58,,,,77.6274,39.9074,71.5772,31.9365,,,,77.6274,0.01519,71.5772,0.0119
,,77.915,2621.22,71.8581,2679.97,,,,77.915,40.1662,71.8581,32.0072,,,,77.915,0.01532,71.8581,0.01194
,,78.196,2615.93,72.1146,2676.85,,,,78.196,40.4147,72.1146,32.0942,,,,78.196,0.01545,72.1146,0.01199
,,78.4811,2610.39,72.342,2674.31,,,,78.4811,40.6635,72.342,32.158,,,,78.4811,0.01558,72.342,0.01202
,,78.7629,2604.8,72.6014,2671.91,,,,78.7629,40.936,72.6014,32.2605,,,,78.7629,0.01572,72.6014,0.01207
,,79.0457,2599.65,72.8249,2669.82,,,,79.0457,41.202,72.8249,32.3342,,,,79.0457,0.01585,72.8249,0.01211
,,79.3378,2594.86,73.0801,2667.43,,,,79.3378,41.4885,73.0801,32.4312,,,,79.3378,0.01599,73.0801,0.01216
,,79.6219,2590.33,73.309,2664.93,,,,79.6219,41.7928,73.309,32.4847,,,,79.6219,0.01613,73.309,0.01219
,,79.9037,2585.86,73.5999,2661.56,,,,79.9037,42.1419,73.5999,32.5612,,,,79.9037,0.0163,73.5999,0.01223
,,80.1907,2581.29,73.8479,2658.23,,,,80.1907,42.5073,73.8479,32.62,,,,80.1907,0.01647,73.8479,0.01227
,,80.476,2576.59,74.0727,2655.16,,,,80.476,42.8806,74.0727,32.6818,,,,80.476,0.01664,74.0727,0.01231
,,80.7631,2571.34,74.3249,2651.9,,,,80.7631,43.2492,74.3249,32.7561,,,,80.7631,0.01682,74.3249,0.01235
,,81.0538,2565.79,74.5471,2649.17,,,,81.0538,43.6036,74.5471,32.8377,,,,81.0538,0.01699,74.5471,0.0124
,,81.3444,2560.13,74.8018,2646.54,,,,81.3444,43.9643,74.8018,32.9354,,,,81.3444,0.01717,74.8018,0.01244
,,81.6339,2554.73,75.0211,2644.7,,,,81.6339,44.3312,75.0211,33.0231,,,,81.6339,0.01735,75.0211,0.01249
,,81.9221,2549.8,75.3025,2643.07,,,,81.9221,44.7367,75.3025,33.1327,,,,81.9221,0.01755,75.3025,0.01254
,,82.209,2545.04,75.5536,2641.63,,,,82.209,45.1515,75.5536,33.2301,,,,82.209,0.01774,75.5536,0.01258
,,82.4961,2539.78,75.7658,2639.89,,,,82.4961,45.5884,75.7658,33.3116,,,,82.4961,0.01795,75.7658,0.01262
,,82.7871,2533.83,76.0067,2637.32,,,,82.7871,46.026,76.0067,33.4099,,,,82.7871,0.01816,76.0067,0.01267
,,83.0746,2527.24,76.2271,2634.6,,,,83.0746,46.4512,76.2271,33.4968,,,,83.0746,0.01838,76.2271,0.01271
,,83.3583,2520.9,76.4857,2631.4,,,,83.3583,46.8778,76.4857,33.6043,,,,83.3583,0.0186,76.4857,0.01277
,,83.6435,2514.89,76.715,2628.37,,,,83.6435,47.3116,76.715,33.6946,,,,83.6435,0.01881,76.715,0.01282
,,83.933,2509.23,77.0024,2624.8,,,,83.933,47.7809,77.0024,33.8143,,,,83.933,0.01904,77.0024,0.01288
,,84.2196,2503.47,77.2598,2621.54,,,,84.2196,48.2694,77.2598,33.9224,,,,84.2196,0.01928,77.2598,0.01294
,,84.5036,2497.3,77.4811,2618.64,,,,84.5036,48.7764,77.4811,34.0215,,,,84.5036,0.01953,77.4811,0.01299
,,84.7875,2490.77,77.7379,2615.44,,,,84.7875,49.3033,77.7379,34.147,,,,84.7875,0.01979,77.7379,0.01306
,,85.0771,2484.55,77.9579,2612.47,,,,85.0771,49.8435,77.9579,34.2497,,,,85.0771,0.02006,77.9579,0.01311
,,85.3583,2478.9,78.2035,2609.26,,,,85.3583,50.3924,78.2035,34.3617,,,,85.3583,0.02033,78.2035,0.01317
,,85.6481,2473.75,78.4241,2606.45,,,,85.6481,50.9281,78.4241,34.4444,,,,85.6481,0.02059,78.4241,0.01321
,,85.9356,2468.75,78.706,2603.02,,,,85.9356,51.4662,78.706,34.5578,,,,85.9356,0.02085,78.706,0.01328
,,86.2217,2463.33,78.9532,2599.81,,,,86.2217,51.9922,78.9532,34.6705,,,,86.2217,0.02111,78.9532,0.01334
,,86.513,2457.27,79.178,2596.88,,,,86.513,52.512,79.178,34.7823,,,,86.513,0.02137,79.178,0.01339
,,86.7944,2450.62,79.4254,2593.44,,,,86.7944,53.0196,79.4254,34.9239,,,,86.7944,0.02164,79.4254,0.01347
,,87.0845,2443.7,79.6412,2589.96,,,,87.0845,53.5667,79.6412,35.0415,,,,87.0845,0.02192,79.6412,0.01353
,,87.3729,2437.15,79.8843,2586.13,,,,87.3729,54.174,79.8843,35.1762,,,,87.3729,0.02223,79.8843,0.0136
,,87.6627,2431.24,80.0993,2582.78,,,,87.6627,54.86,80.0993,35.2804,,,,87.6627,0.02256,80.0993,0.01366
,,87.9495,2425.63,80.3879,2579.11,,,,87.9495,55.5998,80.3879,35.4326,,,,87.9495,0.02292,80.3879,0.01374
,,88.2429,2419.87,80.6438,2575.7,,,,88.2429,56.3791,80.6438,35.558,,,,88.2429,0.0233,80.6438,0.01381
,,88.5269,2413.95,80.869,2572.43,,,,88.5269,57.1046,80.869,35.6634,,,,88.5269,0.02366,80.869,0.01386
,,88.8212,2407.93,81.1276,2568.1,,,,88.8212,57.7575,81.1276,35.7855,,,,88.8212,0.02399,81.1276,0.01393
,,89.1105,2402.11,81.3539,2563.48,,,,89.1105,58.3212,81.3539,35.9151,,,,89.1105,0.02428,81.3539,0.01401
,,89.3999,2396.64,81.6123,2557.93,,,,89.3999,58.8747,81.6123,36.1151,,,,89.3999,0.02457,81.6123,0.01412
,,89.6964,2391.06,81.8374,2553.16,,,,89.6964,59.3922,81.8374,36.3699,,,,89.6964,0.02484,81.8374,0.01425
,,89.9802,2385.28,82.1299,2548.36,,,,89.9802,60.0079,82.1299,36.7657,,,,89.9802,0.02516,82.1299,0.01443
,,90.2689,2379.4,82.3811,2544.69,,,,90.2689,60.6416,82.3811,37.1407,,,,90.2689,0.02549,82.3811,0.0146
,,90.5571,2373.36,82.6039,2541.74,,,,90.5571,61.3887,82.6039,37.3868,,,,90.5571,0.02587,82.6039,0.01471
,,90.841,2367.11,82.8612,2538.47,,,,90.841,62.1126,82.8612,37.5906,,,,90.841,0.02624,82.8612,0.01481
,,91.1328,2360.7,83.0836,2535.18,,,,91.1328,62.8995,83.0836,37.7074,,,,91.1328,0.02664,83.0836,0.01487
,,91.4229,2354.43,83.3322,2531.4,,,,91.4229,63.5685,83.3322,37.8557,,,,91.4229,0.027,83.3322,0.01495
,,91.7125,2348.23,83.5528,2527.9,,,,91.7125,64.2835,83.5528,37.9811,,,,91.7125,0.02738,83.5528,0.01502
,,92.0075,2341.86,83.838,2524.18,,,,92.0075,64.9374,83.838,38.1823,,,,92.0075,0.02773,83.838,0.01513
,,92.296,2335.92,84.086,2520.97,,,,92.296,65.7269,84.086,38.3667,,,,92.296,0.02814,84.086,0.01522
,,92.5936,2330.1,84.3084,2518.24,,,,92.5936,66.4574,84.3084,38.534,,,,92.5936,0.02852,84.3084,0.0153
,,92.8895,2324.36,84.5583,2515.17,,,,92.8895,67.2553,84.5583,38.7134,,,,92.8895,0.02893,84.5583,0.01539
,,93.1807,2318.76,84.7756,2512.1,,,,93.1807,68.0219,84.7756,38.8766,,,,93.1807,0.02934,84.7756,0.01548
,,93.4745,2313.43,85.0233,2508.29,,,,93.4745,68.8167,85.0233,39.0802,,,,93.4745,0.02975,85.0233,0.01558
,,93.7716,2308.29,85.2332,2504.61,,,,93.7716,69.6043,85.2332,39.2777,,,,93.7716,0.03015,85.2332,0.01568
,,94.0656,2302.99,85.5203,2500.52,,,,94.0656,70.4251,85.5203,39.5523,,,,94.0656,0.03058,85.5203,0.01582
,,94.3611,2297.83,85.7779,2497.09,,,,94.3611,71.2413,85.7779,39.8038,,,,94.3611,0.031,85.7779,0.01594
,,94.6556,2293.17,86.0042,2494.37,,,,94.6556,72.1009,86.0042,40.0176,,,,94.6556,0.03144,86.0042,0.01604
,,94.9502,2288.95,86.2682,2491.21,,,,94.9502,72.9788,86.2682,40.2554,,,,94.9502,0.03188,86.2682,0.01616
,,95.2391,2284.86,86.5022,2488.21,,,,95.2391,73.8877,86.5022,40.4458,,,,95.2391,0.03234,86.5022,0.01625
,,95.5276,2280.62,86.7651,2484.03,,,,95.5276,74.7662,86.7651,40.6546,,,,95.5276,0.03278,86.7651,0.01637
,,95.8164,2276.1,87.0616,2478.97,,,,95.8164,75.603,87.0616,40.8876,,,,95.8164,0.03322,87.0616,0.01649
,,96.1094,2271.9,87.2876,2474.58,,,,96.1094,76.4383,87.2876,41.0874,,,,96.1094,0.03365,87.2876,0.0166
,,96.3945,2267.75,87.5484,2470.47,,,,96.3945,77.2947,87.5484,41.3376,,,,96.3945,0.03408,87.5484,0.01673
,,96.6828,2263.59,87.7759,2467.37,,,,96.6828,78.1825,87.7759,41.5752,,,,96.6828,0.03454,87.7759,0.01685
,,96.9788,2259.05,88.0297,2464.11,,,,96.9788,79.0906,88.0297,41.8429,,,,96.9788,0.03501,88.0297,0.01698
,,97.2675,2253.72,88.254,2461.06,,,,97.2675,80.0033,88.254,42.0754,,,,97.2675,0.0355,88.254,0.0171
,,97.5548,2247.73,88.5101,2457.18,,,,97.5548,80.9178,88.5101,42.3235,,,,97.5548,0.036,88.5101,0.01722
,,97.8411,2241.17,88.7963,2452.39,,,,97.8411,81.8378,88.7963,42.5955,,,,97.8411,0.03652,88.7963,0.01737
,,98.1166,2234.27,89.0216,2448.07,,,,98.1166,82.7705,89.0216,42.7964,,,,98.1166,0.03705,89.0216,0.01748
,,98.4063,2227.55,89.2694,2444,,,,98.4063,83.7516,89.2694,43.0485,,,,98.4063,0.0376,89.2694,0.01761
,,98.6964,2220.84,89.4949,2440.98,,,,98.6964,84.7487,89.4949,43.2914,,,,98.6964,0.03816,89.4949,0.01774
,,98.9797,2214.26,89.7457,2437.81,,,,98.9797,85.7895,89.7457,43.5847,,,,98.9797,0.03874,89.7457,0.01788
,,99.2707,2207.7,89.9642,2434.93,,,,99.2707,86.8525,89.9642,43.8448,,,,99.2707,0.03934,89.9642,0.01801
,,99.557,2200.97,90.2226,2431.45,,,,99.557,87.9438,90.2226,44.1329,,,,99.557,0.03996,90.2226,0.01815
,,99.8454,2194.61,90.5092,2426.78,,,,99.8454,89.0852,90.5092,44.4477,,,,99.8454,0.04059,90.5092,0.01832
,,100.136,2188.26,90.7305,2422.4,,,,100.136,90.254,90.7305,44.6865,,,,100.136,0.04124,90.7305,0.01845
,,100.429,2182.01,90.9951,2418.13,,,,100.429,91.4651,90.9951,44.977,,,,100.429,0.04192,90.9951,0.0186
,,100.718,2175.87,91.2218,2414.78,,,,100.718,92.7353,91.2218,45.2541,,,,100.718,0.04262,91.2218,0.01874
,,101.01,2169.59,91.4832,2411.53,,,,101.01,94.0756,91.4832,45.5822,,,,101.01,0.04336,91.4832,0.0189
,,101.297,2162.9,91.7127,2408.83,,,,101.297,95.4962,91.7127,45.8765,,,,101.297,0.04415,91.7127,0.01905
,,101.596,2155.89,91.9774,2405.94,,,,101.596,96.978,91.9774,46.1986,,,,101.596,0.04498,91.9774,0.0192
,,101.892,2149.1,92.2143,2403.24,,,,101.892,98.5595,92.2143,46.4683,,,,101.892,0.04586,92.2143,0.01934
,,102.183,2142.82,92.5055,2399.95,,,,102.183,100.22,92.5055,46.8111,,,,102.183,0.04677,92.5055,0.01951
,,102.473,2136.75,92.7682,2396.86,,,,102.473,101.95,92.7682,47.1288,,,,102.473,0.04771,92.7682,0.01966
,,102.779,2130.46,92.9969,2394.05,,,,102.779,103.74,92.9969,47.4159,,,,102.779,0.04869,92.9969,0.01981
,,103.075,2123.79,93.2553,2391.11,,,,103.075,105.619,93.2553,47.7587,,,,103.075,0.04973,93.2553,0.01997
,,103.365,2116.59,93.482,2388.59,,,,103.365,107.569,93.482,48.052,,,,103.365,0.05082,93.482,0.02012
,,103.661,2108.66,93.7463,2385.67,,,,103.661,109.586,93.7463,48.3777,,,,103.661,0.05197,93.7463,0.02028
,,103.961,2100.59,93.9759,2382.82,,,,103.961,111.691,93.9759,48.6447,,,,103.961,0.05317,93.9759,0.02041
,,104.253,2092.36,94.2662,2378.63,,,,104.253,113.901,94.2662,48.9698,,,,104.253,0.05444,94.2662,0.02059
,,104.551,2083.82,94.5238,2373.89,,,,104.551,116.246,94.5238,49.2474,,,,104.551,0.05578,94.5238,0.02075
,,104.85,2074.85,94.7535,2368.86,,,,104.85,118.758,94.7535,49.4818,,,,104.85,0.05724,94.7535,0.02089
,,105.136,2065.19,95.0073,2363.58,,,,105.136,121.476,95.0073,49.7764,,,,105.136,0.05882,95.0073,0.02106
,,105.423,2054.76,95.2372,2359.53,,,,105.423,124.243,95.2372,50.0542,,,,105.423,0.06047,95.2372,0.02121
,,105.708,2043.79,95.4935,2355.63,,,,105.708,127.009,95.4935,50.4009,,,,105.708,0.06214,95.4935,0.0214
,,106,2032.11,95.7143,2352.44,,,,106,129.781,95.7143,50.7075,,,,106,0.06387,95.7143,0.02156
,,106.29,2019.77,96.0019,2348.4,,,,106.29,132.643,96.0019,51.0895,,,,106.29,0.06567,96.0019,0.02176
,,106.573,2006.89,96.2604,2344.05,,,,106.573,135.618,96.2604,51.3991,,,,106.573,0.06758,96.2604,0.02193
,,106.871,1993.39,96.4785,2339.76,,,,106.871,138.65,96.4785,51.6435,,,,106.871,0.06956,96.4785,0.02207
,,107.165,1979.54,96.7391,2335.56,,,,107.165,141.753,96.7391,51.9606,,,,107.165,0.07161,96.7391,0.02225
,,107.493,1963.64,96.9604,2332.17,,,,107.493,145.277,96.9604,52.2521,,,,107.493,0.07398,96.9604,0.0224
,,107.793,1948.51,97.2142,2328.7,,,,107.793,148.444,97.2142,52.6312,,,,107.793,0.07618,97.2142,0.0226
,,108.086,1933.53,97.5059,2324.21,,,,108.086,151.714,97.5059,53.0474,,,,108.086,0.07846,97.5059,0.02282
,,108.391,1918.25,97.7353,2319.6,,,,108.391,155.025,97.7353,53.36,,,,108.391,0.08082,97.7353,0.023
,,108.689,1902.7,97.9885,2313.56,,,,108.689,158.393,97.9885,53.6964,,,,108.689,0.08325,97.9885,0.02321
,,108.99,1886.59,98.2091,2307.66,,,,108.99,161.753,98.2091,53.9868,,,,108.99,0.08574,98.2091,0.02339
,,109.289,1869.41,98.462,2301.54,,,,109.289,165.009,98.462,54.3386,,,,109.289,0.08827,98.462,0.02361
,,109.585,1851.35,98.7159,2296.02,,,,109.585,168.143,98.7159,54.7315,,,,109.585,0.09082,98.7159,0.02384
,,109.887,1832.46,98.9849,2291.19,,,,109.887,171.131,98.9849,55.1666,,,,109.887,0.09339,98.9849,0.02408
,,110.186,1813.26,99.2424,2286.58,,,,110.186,174.01,99.2424,55.6419,,,,110.186,0.09596,99.2424,0.02433
,,110.487,1793.69,99.4822,2282.61,,,,110.487,176.741,99.4822,56.0839,,,,110.487,0.09853,99.4822,0.02457
,,110.79,1773.51,99.746,2278.32,,,,110.79,179.29,99.746,56.6032,,,,110.79,0.10109,99.746,0.02484
,,111.084,1752.87,99.9795,2274.33,,,,111.084,181.655,99.9795,57.0608,,,,111.084,0.10363,99.9795,0.02509
,,111.385,1731.77,100.244,2269.93,,,,111.385,183.831,100.244,57.5994,,,,111.385,0.10615,100.244,0.02537
,,111.689,1710.53,100.55,2264.44,,,,111.689,185.824,100.55,58.2201,,,,111.689,0.10864,100.55,0.02571
,,111.997,1689.5,100.78,2259.43,,,,111.997,187.691,100.78,58.7245,,,,111.997,0.11109,100.78,0.02599
,,112.3,1668.68,101.045,2253.76,,,,112.3,189.434,101.045,59.3698,,,,112.3,0.11352,101.045,0.02634
,,112.599,1647.77,101.273,2248.46,,,,112.599,190.954,101.273,59.9657,,,,112.599,0.11589,101.273,0.02667
,,112.901,1626.55,101.543,2242.5,,,,112.901,192.21,101.543,60.6677,,,,112.901,0.11817,101.543,0.02705
,,113.193,1605,101.836,2235.46,,,,113.193,193.223,101.836,61.4663,,,,113.193,0.12039,101.836,0.0275
,,113.491,1583.37,102.067,2229.5,,,,113.491,194.047,102.067,62.0911,,,,113.491,0.12255,102.067,0.02785
,,113.783,1561.8,102.327,2223.54,,,,113.783,194.716,102.327,62.8575,,,,113.783,0.12467,102.327,0.02827
,,114.075,1540.32,102.558,2218.61,,,,114.075,195.194,102.558,63.5409,,,,114.075,0.12672,102.558,0.02864
,,114.374,1518.54,102.813,2213.74,,,,114.374,195.485,102.813,64.3365,,,,114.374,0.12873,102.813,0.02906
,,114.662,1496.52,103.109,2208.83,,,,114.662,195.56,103.109,65.255,,,,114.662,0.13068,103.109,0.02954
,,114.954,1474.45,103.334,2204.76,,,,114.954,195.458,103.334,65.9812,,,,114.954,0.13256,103.334,0.02993
,,115.252,1452.7,103.601,2199.72,,,,115.252,195.197,103.601,66.8775,,,,115.252,0.13437,103.601,0.0304
,,115.551,1431.55,103.825,2194.95,,,,115.551,194.81,103.825,67.712,,,,115.551,0.13608,103.825,0.03085
,,115.854,1410.96,104.081,2189.83,,,,115.854,194.305,104.081,68.733,,,,115.854,0.13771,104.081,0.03139
,,116.155,1390.66,104.308,2185.01,,,,116.155,193.69,104.308,69.636,,,,116.155,0.13928,104.308,0.03187
,,116.463,1370.4,104.566,2179.45,,,,116.463,192.947,104.566,70.6583,,,,116.463,0.1408,104.566,0.03242
,,116.767,1350.3,104.858,2172.57,,,,116.767,192.105,104.858,71.7914,,,,116.767,0.14227,104.858,0.03304
,,117.071,1330.71,105.079,2166.28,,,,117.071,191.172,105.079,72.6731,,,,117.071,0.14366,105.079,0.03355
,,117.378,1311.74,105.33,2158.68,,,,117.378,190.147,105.33,73.7666,,,,117.378,0.14496,105.33,0.03417
,,117.686,1293.22,105.56,2151.72,,,,117.686,188.992,105.56,74.7905,,,,117.686,0.14614,105.56,0.03476
,,117.996,1274.93,105.822,2144.14,,,,117.996,187.795,105.822,76.0654,,,,117.996,0.1473,105.822,0.03548
,,118.295,1256.46,106.052,2137.22,,,,118.295,186.511,106.052,77.2098,,,,118.295,0.14844,106.052,0.03613
,,118.586,1237.88,106.312,2129.59,,,,118.586,185.25,106.312,78.5482,,,,118.586,0.14965,106.312,0.03688
,,118.879,1219.68,106.597,2121.63,,,,118.879,183.998,106.597,80.1031,,,,118.879,0.15086,106.597,0.03776
,,119.173,1202.32,106.827,2115.53,,,,119.173,182.916,106.827,81.3658,,,,119.173,0.15214,106.827,0.03846
,,119.47,1185.52,107.084,2108.74,,,,119.47,181.864,107.084,82.952,,,,119.47,0.1534,107.084,0.03934
,,119.761,1169.08,107.304,2102.52,,,,119.761,180.809,107.304,84.4597,,,,119.761,0.15466,107.304,0.04017
,,120.064,1152.77,107.573,2095.64,,,,120.064,179.656,107.573,86.3209,,,,120.064,0.15585,107.573,0.04119
,,120.355,1136.68,107.802,2088.62,,,,120.355,178.415,107.802,87.9824,,,,120.355,0.15696,107.802,0.04212
,,120.647,1120.6,108.064,2080.48,,,,120.647,177.009,108.064,89.9442,,,,120.647,0.15796,108.064,0.04323
,,120.951,1104.68,108.36,2071.3,,,,120.951,175.469,108.36,92.2578,,,,120.951,0.15884,108.36,0.04454
,,121.251,1089.03,108.593,2063.69,,,,121.251,173.742,108.593,94.1132,,,,121.251,0.15954,108.593,0.0456
,,121.551,1073.8,108.866,2054.94,,,,121.551,171.939,108.866,96.3828,,,,121.551,0.16012,108.866,0.0469
,,121.852,1058.54,109.093,2046.87,,,,121.852,169.995,109.093,98.4428,,,,121.852,0.16059,109.093,0.04809
,,122.157,1043.35,109.367,2037,,,,122.157,168.025,109.367,100.851,,,,122.157,0.16104,109.367,0.04951
,,122.458,1028.32,109.598,2027.32,,,,122.458,166.108,109.598,102.909,,,,122.458,0.16153,109.598,0.05076
,,122.763,1013.55,109.899,2014.92,,,,122.763,164.236,109.899,105.613,,,,122.763,0.16204,109.899,0.05242
,,123.072,998.998,110.169,2003.53,,,,123.072,162.383,110.169,108.116,,,,123.072,0.16255,110.169,0.05396
,,123.379,985.139,110.407,1993.2,,,,123.379,160.615,110.407,110.378,,,,123.379,0.16304,110.407,0.05538
,,123.682,972.02,110.672,1981.22,,,,123.682,158.94,110.672,113.088,,,,123.682,0.16351,110.672,0.05708
,,123.99,959.448,110.913,1969.79,,,,123.99,157.238,110.913,115.438,,,,123.99,0.16388,110.913,0.0586
,,124.302,946.778,111.176,1956.5,,,,124.302,155.411,111.176,118.182,,,,124.302,0.16415,111.176,0.0604
,,124.605,933.949,111.417,1943.64,,,,124.605,153.481,111.417,120.455,,,,124.605,0.16434,111.417,0.06197
,,124.907,921.186,111.682,1929.76,,,,124.907,151.506,111.682,123.094,,,,124.907,0.16447,111.682,0.06379
,,125.212,908.357,111.984,1914.86,,,,125.212,149.458,111.984,126.041,,,,125.212,0.16454,111.984,0.06582
,,125.508,895.347,112.218,1902.99,,,,125.508,147.373,112.218,128.333,,,,125.508,0.1646,112.218,0.06744
,,125.807,882.407,112.489,1889.61,,,,125.807,145.358,112.489,131.086,,,,125.807,0.16473,112.489,0.06937
,,126.11,869.488,112.725,1877.3,,,,126.11,143.378,112.725,133.503,,,,126.11,0.1649,112.725,0.07111
,,126.408,856.954,112.995,1863.4,,,,126.408,141.496,112.995,136.344,,,,126.408,0.16512,112.995,0.07317
,,126.703,844.697,113.222,1850.42,,,,126.703,139.708,113.222,138.76,,,,126.703,0.16539,113.222,0.07499
,,127.007,833.164,113.5,1835.8,,,,127.007,138.053,113.5,141.497,,,,127.007,0.1657,113.5,0.07708
,,127.307,822.196,113.802,1818.91,,,,127.307,136.51,113.802,144.449,,,,127.307,0.16603,113.802,0.07942
,,127.617,811.821,114.036,1804.6,,,,127.617,135.028,114.036,146.608,,,,127.617,0.16633,114.036,0.08124
,,127.919,801.89,114.304,1789.08,,,,127.919,133.618,114.304,149.174,,,,127.919,0.16663,114.304,0.08338
,,128.228,792.605,114.542,1774.84,,,,128.228,132.284,114.542,151.354,,,,128.228,0.1669,114.542,0.08528
,,128.531,783.395,114.807,1758.96,,,,128.531,131.029,114.807,153.813,,,,128.531,0.16726,114.807,0.08745
,,128.839,774.273,115.108,1740.86,,,,128.839,129.955,115.108,156.414,,,,128.839,0.16784,115.108,0.08985
,,129.151,764.738,115.34,1725.55,,,,129.151,128.964,115.34,158.213,,,,129.151,0.16864,115.34,0.09169
,,129.452,755.224,115.61,1708.62,,,,129.452,128.1,115.61,160.297,,,,129.452,0.16962,115.61,0.09382
,,129.75,745.367,115.846,1692.95,,,,129.75,127.25,115.846,161.912,,,,129.75,0.17072,115.846,0.09564
,,130.053,735.74,116.112,1675.64,,,,130.053,126.511,116.112,163.722,,,,130.053,0.17195,116.112,0.09771
,,130.352,726.253,116.409,1656.2,,,,130.352,125.846,116.409,165.538,,,,130.352,0.17328,116.409,0.09995
,,130.645,716.825,116.646,1640.28,,,,130.645,125.246,116.646,166.79,,,,130.645,0.17472,116.646,0.10168
,,130.944,706.989,116.913,1623.02,,,,130.944,124.649,116.913,168.267,,,,130.944,0.17631,116.913,0.10368
,,131.238,697.309,117.147,1607.4,,,,131.238,124.194,117.147,169.431,,,,131.238,0.17811,117.147,0.10541
,,131.53,687.343,117.417,1590.75,,,,131.53,123.817,117.417,170.764,,,,131.53,0.18014,117.417,0.10735
,,131.829,677.166,117.718,1573.27,,,,131.829,123.523,117.718,172.173,,,,131.829,0.18241,117.718,0.10944
,,132.129,666.675,117.952,1559.38,,,,132.129,123.331,117.952,173.079,,,,132.129,0.18499,117.952,0.11099
,,132.431,656.404,118.222,1544.31,,,,132.431,123.286,118.222,174.063,,,,132.431,0.18782,118.222,0.11271
,,132.74,645.9,118.455,1530.46,,,,132.74,123.349,118.455,174.728,,,,132.74,0.19097,118.455,0.11417
,,133.043,635.156,118.759,1513.06,,,,133.043,123.438,118.759,175.509,,,,133.043,0.19434,118.759,0.116
,,133.358,624.121,119.029,1496.48,,,,133.358,123.621,119.029,175.956,,,,133.358,0.19807,119.029,0.11758
,,133.663,612.936,119.265,1481.52,,,,133.663,123.876,119.265,176.19,,,,133.663,0.2021,119.265,0.11893
,,133.982,601.403,119.537,1465.1,,,,133.982,124.248,119.537,176.382,,,,133.982,0.2066,119.537,0.12039
,,134.296,589.882,119.773,1449.87,,,,134.296,124.753,119.773,176.318,,,,134.296,0.21149,119.773,0.12161
,,134.607,578.671,120.075,1431.69,,,,134.607,125.559,120.075,176.28,,,,134.607,0.21698,120.075,0.12313
,,134.912,567.424,120.34,1415.33,,,,134.912,126.522,120.34,176.092,,,,134.912,0.22298,120.34,0.12442
,,135.215,555.973,120.576,1400.94,,,,135.215,127.649,120.576,175.835,,,,135.215,0.2296,120.576,0.12551
,,135.516,544.348,120.848,1385.45,,,,135.516,128.944,120.848,175.515,,,,135.516,0.23688,120.848,0.12668
,,135.818,532.449,121.081,1371.57,,,,135.818,130.333,121.081,175.082,,,,135.818,0.24478,121.081,0.12765
,,136.123,520.385,121.386,1354.6,,,,136.123,131.899,121.386,174.478,,,,136.123,0.25347,121.386,0.1288
,,136.419,508.164,121.651,1338.84,,,,136.419,133.526,121.651,173.755,,,,136.419,0.26276,121.651,0.12978
,,136.721,495.738,121.887,1324.83,,,,136.721,135.231,121.887,173.027,,,,136.721,0.27279,121.887,0.1306
,,137.014,483.056,122.159,1309.51,,,,137.014,137.078,122.159,172.213,,,,137.014,0.28377,122.159,0.13151
,,137.313,469.782,122.395,1295.39,,,,137.313,138.956,122.395,171.312,,,,137.313,0.29579,122.395,0.13225
,,137.609,455.916,122.667,1279.72,,,,137.609,140.868,122.667,170.249,,,,137.609,0.30898,122.667,0.13303
,,137.912,441.635,122.908,1265.39,,,,137.912,142.755,122.908,169.144,,,,137.912,0.32324,122.908,0.13367
,,138.217,427.03,123.21,1248.4,,,,138.217,144.606,123.21,167.841,,,,138.217,0.33863,123.21,0.13445
,,138.515,411.732,123.478,1233.04,,,,138.515,146.278,123.478,166.571,,,,138.515,0.35527,123.478,0.13509
,,138.808,395.721,123.712,1220.05,,,,138.808,147.709,123.712,165.476,,,,138.808,0.37327,123.712,0.13563
,,139.106,379.19,123.992,1206.29,,,,139.106,149.055,123.992,164.326,,,,139.106,0.39309,123.992,0.13623
,,139.4,362.284,124.227,1193.92,,,,139.4,150.221,124.227,163.225,,,,139.4,0.41465,124.227,0.13671
,,139.695,345.255,124.5,1180.37,,,,139.695,151.212,124.5,161.989,,,,139.695,0.43797,124.5,0.13724
,,139.989,328.375,124.805,1165.76,,,,139.989,152.026,124.805,160.634,,,,139.989,0.46297,124.805,0.13779
,,140.284,311.406,125.041,1153.88,,,,140.284,152.641,125.041,159.446,,,,140.284,0.49017,125.041,0.13818
,,140.582,294.081,125.31,1141.33,,,,140.582,152.761,125.31,158.183,,,,140.582,0.51945,125.31,0.1386
,,140.885,276.372,125.549,1130.01,,,,140.885,152.307,125.549,156.964,,,,140.885,0.5511,125.549,0.13891
,,141.188,258.629,125.824,1117.8,,,,141.188,151.264,125.824,155.634,,,,141.188,0.58487,125.824,0.13923
,,141.496,240.745,126.128,1104.91,,,,141.496,149.468,126.128,154.204,,,,141.496,0.62085,126.128,0.13956
,,141.799,223.018,126.37,1094.62,,,,141.799,146.896,126.37,153.036,,,,141.799,0.65868,126.37,0.13981
,,142.101,205.555,126.645,1083.7,,,,142.101,143.548,126.645,151.802,,,,142.101,0.69834,126.645,0.14008
,,142.411,188.472,126.878,1074.1,,,,142.411,139.418,126.878,150.684,,,,142.411,0.73973,126.878,0.14029
,,142.72,171.907,127.152,1063.42,,,,142.72,134.549,127.152,149.405,,,,142.72,0.78269,127.152,0.1405
,,143.02,156.193,127.391,1053.73,,,,143.02,129.086,127.391,148.175,,,,143.02,0.82645,127.391,0.14062
,,143.317,141.512,127.659,1043.3,,,,143.317,123.199,127.659,146.82,,,,143.317,0.87059,127.659,0.14073
,,143.615,127.779,127.967,1031.88,,,,143.615,116.892,127.967,145.252,,,,143.615,0.9148,127.967,0.14076
,,143.913,114.833,128.205,1021.96,,,,143.913,110.224,128.205,143.822,,,,143.913,0.95987,128.205,0.14073
,,144.21,103.498,128.474,1010.94,,,,144.21,103.701,128.474,142.297,,,,144.21,1.00196,128.474,0.14076
,,144.51,93.3248,128.714,1000.31,,,,144.51,97.6806,128.714,140.889,,,,144.51,1.04667,128.714,0.14085
,,144.805,84.1109,128.985,987.848,,,,144.805,91.7893,128.985,139.413,,,,144.805,1.09129,128.985,0.14113
,,145.107,75.9464,129.225,976.102,,,,145.107,86.2442,129.225,138.196,,,,145.107,1.13559,129.225,0.14158
,,145.42,69.8824,129.534,962.527,,,,145.42,81.7707,129.534,136.91,,,,145.42,1.17012,129.534,0.14224
,,145.724,58.6288,129.795,950.17,,,,145.724,71.0374,129.795,135.584,,,,145.724,1.21165,129.795,0.14269
,,146.03,54.7339,130.031,939.52,,,,146.03,68.0975,130.031,134.225,,,,146.03,1.24415,130.031,0.14287
,,146.327,54.0997,130.31,927.968,,,,,,130.31,132.547,,,,146.327,1.34427,130.31,0.14284
,,146.62,52.2648,130.542,917.593,,,,,,130.542,130.932,,,,146.62,1.44786,130.542,0.14269
,,147.206,47.1821,130.808,906.237,,,,,,130.808,129.092,,,,147.206,1.75315,130.808,0.14245
,,147.499,45.5154,131.113,894.379,,,,,,131.113,127.161,,,,147.499,1.86147,131.113,0.14218
,,147.801,44.3919,131.357,885.004,,,,,,131.357,125.637,,,,147.801,1.92868,131.357,0.14196
,,148.098,44.2826,131.628,874.901,,,,,,131.628,123.959,,,,148.098,1.93791,131.628,0.14168
,,148.398,44.8571,131.897,865.192,,,,,,131.897,122.351,,,,148.398,1.90097,131.897,0.14142
,,149.007,44.6465,132.167,855.302,,,,,,132.167,120.743,,,,149.007,1.9051,132.167,0.14117
,,149.317,43.7896,132.441,845.988,,,,,,132.441,119.288,,,,149.317,1.94396,132.441,0.141
,,149.636,41.4603,132.68,838.199,,,,,,132.68,118.162,,,,149.636,2.06955,132.68,0.14097
,,149.945,39.2784,132.95,830.438,,,,,,132.95,117.138,,,,151.172,2.09182,132.95,0.14106
,,150.253,45.3764,133.184,824.062,,,,,,133.184,116.385,,,,151.473,2.10989,133.184,0.14123
,,151.172,48.6204,133.486,817.076,,,,,,133.486,115.648,,,,151.783,2.1609,133.486,0.14154
,,151.473,52.7463,133.754,811.066,,,,,,133.754,115.073,,,,152.711,2.18452,133.754,0.14188
,,151.783,54.4254,133.991,805.95,,,,,,133.991,114.639,,,,153.642,2.24286,133.991,0.14224
,,152.711,58.752,134.262,800.453,,,,,,134.262,114.269,,,,154.256,2.27613,134.262,0.14275
,,153.642,63.4874,134.491,795.579,,,,,,134.491,114.04,,,,155.185,2.16116,134.491,0.14334
,,154.256,65.5325,134.794,788.987,,,,,,134.794,113.862,,,,155.505,2.05503,134.794,0.14431
,,155.185,--,135.071,782.255,,,,,,135.071,113.759,,,,156.426,1.69611,135.071,0.14542
,,155.505,--,135.304,775.501,,,,,,135.304,113.638,,,,157.338,1.44808,135.304,0.14654
,,156.426,--,135.57,767.281,,,,,,135.57,113.531,,,,,,135.57,0.14797
,,157.338,--,135.807,759.234,,,,,,135.807,113.362,,,,,,135.807,0.14931
,,157.642,--,136.078,750.266,,,,,,136.078,113.28,,,,,,136.078,0.15099
,,157.959,--,136.307,741.954,,,,,,136.307,113.179,,,,,,136.307,0.15254
,,158.273,--,136.608,731.541,,,,,,136.608,113.24,,,,,,136.608,0.1548
,,158.586,--,136.879,721.702,,,,,,136.879,113.415,,,,,,136.879,0.15715
,,158.892,--,137.111,712.832,,,,,,137.111,113.669,,,,,,137.111,0.15946
,,159.196,--,137.379,703.084,,,,,,137.379,114.229,,,,,,137.379,0.16247
,,159.505,--,137.617,694.367,,,,,,137.617,114.773,,,,,,137.617,0.16529
,,159.811,--,137.887,685.022,,,,,,137.887,115.625,,,,,,137.887,0.16879
,,160.123,--,138.125,676.706,,,,,,138.125,116.372,,,,,,138.125,0.17197
,,160.434,--,138.423,666.26,,,,,,138.423,117.512,,,,,,138.423,0.17638
,,160.749,--,138.695,656.041,,,,,,138.695,118.573,,,,,,138.695,0.18074
,,161.073,--,138.926,646.746,,,,,,138.926,119.585,,,,,,138.926,0.1849
,,161.389,--,139.194,635.983,,,,,,139.194,120.956,,,,,,139.194,0.19019
,,161.696,--,139.428,626.264,,,,,,139.428,122.163,,,,,,139.428,0.19507
,,162.001,--,139.698,615.29,,,,,,139.698,123.736,,,,,,139.698,0.2011
,,162.304,--,140.006,603.068,,,,,,140.006,125.577,,,,,,140.006,0.20823
,,162.611,--,140.248,593.027,,,,,,140.248,127.023,,,,,,140.248,0.21419
,,162.92,--,140.508,581.864,,,,,,140.508,128.894,,,,,,140.508,0.22152
,,163.245,--,140.744,571.469,,,,,,140.744,130.494,,,,,,140.744,0.22835
,,163.564,--,141.009,559.666,,,,,,141.009,132.419,,,,,,141.009,0.2366
,,163.869,--,141.31,546.019,,,,,,141.31,134.542,,,,,,141.31,0.24641
,,164.175,--,141.548,534.408,,,,,,141.548,135.971,,,,,,141.548,0.25443
,,164.479,--,141.827,521.265,,,,,,141.827,137.81,,,,,,141.827,0.26438
,,164.786,--,142.064,509.233,,,,,,142.064,139.389,,,,,,142.064,0.27372
,,165.091,--,142.336,495.818,,,,,,142.336,141.421,,,,,,142.336,0.28523
,,165.406,--,142.572,483.304,,,,,,142.572,142.935,,,,,,142.572,0.29575
,,165.718,--,142.839,469.22,,,,,,142.839,144.638,,,,,,142.839,0.30825
,,166.044,59.0733,143.137,453.465,,,,,,143.137,146.441,,,,,,143.137,0.32294
,,166.362,58.0231,143.372,440.076,,,,,,143.372,147.382,,,,,,143.372,0.3349
,,166.682,58.553,143.635,425.517,,,,,,143.635,148.778,,,,,,143.635,0.34964
,,166.992,--,143.863,412.496,,,,,,143.863,149.878,,,,,,143.863,0.36334
,,167.301,51.2015,144.119,398.167,,,,,,144.119,151.324,,,,,,144.119,0.38005
,,167.685,51.0538,144.35,385.071,,,,,,144.35,152.224,,,,,,144.35,0.39532
,,168.007,50.0213,144.646,368.932,,,,,,144.646,153.504,,,,,,144.646,0.41608
,,168.324,48.1401,144.913,353.926,,,,,,144.913,154.342,,,,,,144.913,0.43609
,,168.639,47.3299,145.147,340.398,,,,,,145.147,154.744,,,,,,145.147,0.4546
,,168.945,39.7856,145.418,325.007,,,,,,145.418,154.978,,,,,,145.418,0.47685
,,169.25,39.1309,145.648,311.086,,,,,,145.648,154.572,,,,,,145.648,0.49688
,,169.557,38.2276,145.96,294.21,,,,,,145.96,154.201,,,,,,145.96,0.52412
,,169.856,37.2408,146.228,278.922,,,,,,146.228,153.231,,,,,,146.228,0.54937
,,170.162,30.1802,146.464,265.694,,,,,,146.464,151.88,,,,,,146.464,0.57164
,,170.473,30.1106,146.732,251.644,,,,,,146.732,150.337,,,,,,146.732,0.59742
,,170.775,29.5744,146.969,239.631,,,,,,146.969,148.588,,,,,,146.969,0.62007
,,171.088,28.4638,147.238,226.517,,,,,,147.238,146.906,,,,,,147.238,0.64854
,,171.398,27.0866,147.539,211.964,,,,,,147.539,147.027,,,,,,147.539,0.69364
,,171.7,26.0115,147.776,199.796,,,,,,147.776,148.168,,,,,,147.776,0.7416
,,171.998,22.3658,148.043,185.226,,,,,,,,,,,,,148.043,0.81857
,,172.303,21.7116,148.284,171.786,,,,,,,,,,,,,148.284,0.90106
,,172.613,21.4911,148.558,156.765,,,,,,,,,,,,,148.558,1.01125
,,172.925,21.5014,148.795,144.238,,,,,,,,,,,,,148.795,1.11672
,,173.243,21.5108,149.071,131.304,,,,,,,,,,,,,149.071,1.24373
,,173.555,21.6128,149.31,120.812,,,,,,,,,,,,,149.31,1.35874
,,173.866,21.79,149.619,108.693,,,,,,,,,,,,,149.619,1.51604
,,174.175,15.7725,149.904,99.0779,,,,,,,,,,,,,149.904,1.65979
,,174.477,15.0825,150.148,91.4704,,,,,,,,,,,,,150.148,1.79288
,,174.785,14.3539,150.426,84.2599,,,,,,,,,,,,,150.426,1.94368
,,175.099,13.8427,150.672,78.8052,,,,,,,,,,,,,150.672,2.076
,,175.415,13.1322,150.983,73.166,,,,,,,,,,,,,150.983,2.23516
,,175.733,12.8286,151.258,69.0156,,,,,,,,,,,,,151.258,2.37073
,,176.06,8.33622,151.504,66.043,,,,,,,,,,,,,151.504,2.47833
,,176.377,7.90263,151.775,63.1523,,,,,,,,,,,,,151.775,2.59545
,,176.683,7.78107,152.014,61.1195,,,,,,,,,,,,,152.014,2.6884
,,,,152.284,59.2057,,,,,,,,,,,,,152.284,2.78532
,,,,152.587,57.3437,,,,,,,,,,,,,152.587,2.88757
,,,,152.824,55.9723,,,,,,,,,,,,,152.824,2.96659
,,,,153.09,54.2803,,,,,,,,,,,,,153.09,3.06742
,,,,153.323,52.7416,,,,,,,,,,,,,153.323,3.16336
,,,,153.592,50.9759,,,,,,,,,,,,,153.592,3.2792
,,,,153.833,49.5656,,,,,,,,,,,,,153.833,3.3772
,,,,154.108,48.14,,,,,,,,,,,,,154.108,3.48469
,,,,154.414,46.9182,,,,,,,,,,,,,154.414,3.5881
,,,,154.659,45.8598,,,,,,,,,,,,,154.659,3.68093
,,,,154.937,44.5161,,,,,,,,,,,,,154.937,3.80692
,,,,155.178,43.3665,,,,,,,,,,,,,155.178,3.92567
,,,,155.464,42.4245,,,,,,,,,,,,,155.464,4.03211
,,,,156.539,35.4152,,,,,,,,,,,,,156.539,4.85494
,,,,156.82,34.0266,,,,,,,,,,,,,156.82,5.04831
,,,,157.055,32.8639,,,,,,,,,,,,,157.055,5.21161
,,,,157.325,30.9152,,,,,,,,,,,,,157.325,5.4585
,,,,157.561,30.2312,,,,,,,,,,,,,157.561,5.66621
,,,,157.858,28.423,,,,,,,,,,,,,157.858,6.02273
,,,,158.121,27.0321,,,,,,,,,,,,,158.121,6.3314
,,,,158.356,26.1021,,,,,,,,,,,,,158.356,6.55112
,,,,158.626,24.903,,,,,,,,,,,,,158.626,6.86465
,,,,158.863,24.218,,,,,,,,,,,,,158.863,7.0559
,,,,159.141,23.6284,,,,,,,,,,,,,159.141,7.22052
,,,,159.381,23.3973,,,,,,,,,,,,,159.381,7.27117
,,,,159.693,19.9084,,,,,,,,,,,,,159.693,7.68906
,,,,159.967,18.0269,,,,,,,,,,,,,159.967,8.50039
,,,,160.21,16.9388,,,,,,,,,,,,,160.21,9.11024
,,,,160.482,16.3948,,,,,,,,,,,,,160.482,9.41264
,,,,160.72,15.9733,,,,,,,,,,,,,160.72,9.66356
,,,,161.004,15.4705,,,,,,,,,,,,,161.004,10.0011
,,,,161.245,15.1654,,,,,,,,,,,,,161.245,10.193
,,,,161.521,14.8835,,,,,,,,,,,,,161.521,10.3914
,,,,161.836,14.5345,,,,,,,,,,,,,161.836,10.6225
,,,,162.074,14.4321,,,,,,,,,,,,,162.074,10.6956
,,,,162.352,14.4719,,,,,,,,,,,,,162.352,10.6656
,,,,162.591,14.6704,,,,,,,,,,,,,162.591,10.5321
,,,,162.858,14.9322,,,,,,,,,,,,,162.858,10.3657
,,,,163.102,15.3426,,,,,,,,,,,,,163.102,10.1052
,,,,163.406,15.6952,,,,,,,,,,,,,163.406,9.88881
,,,,163.673,16.1269,,,,,,,,,,,,,163.673,9.63361
,,,,163.911,16.3955,,,,,,,,,,,,,163.911,9.47988
,,,,164.183,16.7318,,,,,,,,,,,,,164.183,9.29092
,,,,164.419,14.617,,,,,,,,,,,,,164.419,9.28729
,,,,164.699,14.3929,,,,,,,,,,,,,166.908,8.76857
,,,,165.015,14.1245,,,,,,,,,,,,,167.16,8.41913
,,,,165.265,14.309,,,,,,,,,,,,,167.445,7.94768
,,,,165.55,14.275,,,,,,,,,,,,,167.689,7.72754
,,,,165.791,14.2696,,,,,,,,,,,,,167.966,7.43041
,,,,166.066,14.446,,,,,,,,,,,,,168.205,7.30574
,,,,166.311,14.6716,,,,,,,,,,,,,168.513,7.10455
,,,,166.59,15.1563,,,,,,,,,,,,,168.785,6.65418
,,,,166.908,14.2183,,,,,,,,,,,,,169.024,6.57138
,,,,167.16,14.7404,,,,,,,,,,,,,169.302,6.51299
,,,,167.445,15.5528,,,,,,,,,,,,,169.542,6.47823
,,,,167.689,15.9576,,,,,,,,,,,,,,
,,,,167.966,16.5562,,,,,,,,,,,,,,
,,,,168.205,16.7996,,,,,,,,,,,,,,
,,,,168.513,17.2242,,,,,,,,,,,,,,
,,,,168.785,15.9295,,,,,,,,,,,,,,
,,,,169.024,16.258,,,,,,,,,,,,,,
,,,,169.302,16.3901,,,,,,,,,,,,,,
,,,,169.542,16.5151,,,,,,,,,,,,,,
,,,,169.821,16.6261,,,,,,,,,,,,,,
,,,,170.137,16.8976,,,,,,,,,,,,,,
,,,,170.385,17.1391,,,,,,,,,,,,,,
,,,,170.666,14.9098,,,,,,,,,,,,,,
,,,,170.917,15.0831,,,,,,,,,,,,,,
,,,,171.202,15.014,,,,,,,,,,,,,,
,,,,171.452,14.8903,,,,,,,,,,,,,,
,,,,171.729,15.0033,,,,,,,,,,,,,,
